{"cameraMode":{"drawMode":0,"name":"Shaded","section":"Shading Mode"},"sceneLighting":true,"audioPlay":false,"sceneViewState":{"showFog":true,"showMaterialUpdate":false,"showSkybox":true,"showFlares":true,"showImageEffects":true,"showParticleSystems":true,"showVisualEffectGraphs":true,"m_FxEnabled":true},"in2DMode":false,"pivot":{"x":-0.4762812554836273,"y":1.7677679061889649,"z":-0.9071332216262817},"rotation":{"x":0.07122651487588883,"y":-0.003726510563865304,"z":0.00025215279310941696,"w":0.9974513053894043},"size":4.456992149353027,"orthographic":false}